candidate_id,rank,score,reasoning
CAND_0086022,1,0.456156,"Candidate CAND_0086022 is ranked #1 for the 'Senior AI Engineer — Founding Team' role with a composite score of 0.46. They show a skill overlap of 3.2%, matching requirements like [None] and missing [embeddings-based retrieval systems, vector databases, hybrid search infrastructure, Python, evaluation frameworks for ranking systems]. Seniority alignment is rated at 100.0% based on relevant experience. Located in 'Kolkata, West Bengal' (willing to relocate); notice period is 0 days. Profile is verified with a behavioral engagement score of 0.50 (honeypot risk: 0.00, GitHub score: 75.2). Key classification tag(s): Strong Seniority Fit, High Engagement, Skill Gap Risk, Verified Profile."
CAND_0018499,2,0.450616,"Candidate CAND_0018499 is ranked #2 for the 'Senior AI Engineer — Founding Team' role with a composite score of 0.45. They show a skill overlap of 0.0%, matching requirements like [None] and missing [embeddings-based retrieval systems, vector databases, hybrid search infrastructure, Python, evaluation frameworks for ranking systems]. Seniority alignment is rated at 100.0% based on relevant experience. Located in 'Noida, Uttar Pradesh' (willing to relocate); notice period is 15 days. Profile is verified with a behavioral engagement score of 0.50 (honeypot risk: 0.00, GitHub score: 94.8). Key classification tag(s): Strong Seniority Fit, High Engagement, Skill Gap Risk, Verified Profile."
CAND_0039754,3,0.450526,"Candidate CAND_0039754 is ranked #3 for the 'Senior AI Engineer — Founding Team' role with a composite score of 0.45. They show a skill overlap of 6.5%, matching requirements like [Python] and missing [embeddings-based retrieval systems, vector databases, hybrid search infrastructure, evaluation frameworks for ranking systems]. Seniority alignment is rated at 100.0% based on relevant experience. Located in 'Indore, Madhya Pradesh' (willing to relocate); notice period is 30 days. Profile is verified with a behavioral engagement score of 0.50 (honeypot risk: 0.00, GitHub score: 77.5). Key classification tag(s): Strong Seniority Fit, High Engagement, Verified Profile."
CAND_0093193,4,0.442776,"Candidate CAND_0093193 is ranked #4 for the 'Senior AI Engineer — Founding Team' role with a composite score of 0.44. They show a skill overlap of 3.2%, matching requirements like [None] and missing [embeddings-based retrieval systems, vector databases, hybrid search infrastructure, Python, evaluation frameworks for ranking systems]. Seniority alignment is rated at 100.0% based on relevant experience. Located in 'Bangalore, Karnataka' (not open to relocation); notice period is 45 days. Profile is verified with a behavioral engagement score of 0.50 (honeypot risk: 0.00, GitHub score: 34.2). Key classification tag(s): Strong Seniority Fit, High Engagement, Skill Gap Risk, Verified Profile."
CAND_0088025,5,0.436259,"Candidate CAND_0088025 is ranked #5 for the 'Senior AI Engineer — Founding Team' role with a composite score of 0.44. They show a skill overlap of 3.2%, matching requirements like [Python] and missing [embeddings-based retrieval systems, vector databases, hybrid search infrastructure, evaluation frameworks for ranking systems]. Seniority alignment is rated at 100.0% based on relevant experience. Located in 'Jaipur, Rajasthan' (not open to relocation); notice period is 90 days. Profile is verified with a behavioral engagement score of 0.50 (honeypot risk: 0.00, GitHub score: 74.6). Key classification tag(s): Strong Seniority Fit, High Engagement, Skill Gap Risk, Verified Profile."
CAND_0068351,6,0.425395,"Candidate CAND_0068351 is ranked #6 for the 'Senior AI Engineer — Founding Team' role with a composite score of 0.43. They show a skill overlap of 6.7%, matching requirements like [Python] and missing [embeddings-based retrieval systems, vector databases, hybrid search infrastructure, evaluation frameworks for ranking systems]. Seniority alignment is rated at 100.0% based on relevant experience. Located in 'Delhi, Delhi' (not open to relocation); notice period is 0 days. Profile is verified with a behavioral engagement score of 0.50 (honeypot risk: 0.00, GitHub score: -1). Key classification tag(s): Strong Seniority Fit, High Engagement, Verified Profile."
CAND_0006567,7,0.422443,"Candidate CAND_0006567 is ranked #7 for the 'Senior AI Engineer — Founding Team' role with a composite score of 0.42. They show a skill overlap of 3.1%, matching requirements like [Python] and missing [embeddings-based retrieval systems, vector databases, hybrid search infrastructure, evaluation frameworks for ranking systems]. Seniority alignment is rated at 100.0% based on relevant experience. Located in 'Noida, Uttar Pradesh' (willing to relocate); notice period is 60 days. Profile is verified with a behavioral engagement score of 0.50 (honeypot risk: 0.00, GitHub score: 35.2). Key classification tag(s): Strong Seniority Fit, High Engagement, Skill Gap Risk, Verified Profile."
CAND_0077337,8,0.421338,"Candidate CAND_0077337 is ranked #8 for the 'Senior AI Engineer — Founding Team' role with a composite score of 0.42. They show a skill overlap of 6.5%, matching requirements like [Python] and missing [embeddings-based retrieval systems, vector databases, hybrid search infrastructure, evaluation frameworks for ranking systems]. Seniority alignment is rated at 100.0% based on relevant experience. Located in 'Kochi, Kerala' (willing to relocate); notice period is 60 days. Profile is verified with a behavioral engagement score of 0.50 (honeypot risk: 0.00, GitHub score: 68.0). Key classification tag(s): Strong Seniority Fit, High Engagement, Verified Profile."
CAND_0071974,9,0.420623,"Candidate CAND_0071974 is ranked #9 for the 'Senior AI Engineer — Founding Team' role with a composite score of 0.42. They show a skill overlap of 3.3%, matching requirements like [None] and missing [embeddings-based retrieval systems, vector databases, hybrid search infrastructure, Python, evaluation frameworks for ranking systems]. Seniority alignment is rated at 100.0% based on relevant experience. Located in 'Vizag, Andhra Pradesh' (not open to relocation); notice period is 45 days. Profile is verified with a behavioral engagement score of 0.50 (honeypot risk: 0.00, GitHub score: 82.8). Key classification tag(s): Strong Seniority Fit, High Engagement, Skill Gap Risk, Verified Profile."
CAND_0046064,10,0.418819,"Candidate CAND_0046064 is ranked #10 for the 'Senior AI Engineer — Founding Team' role with a composite score of 0.42. They show a skill overlap of 3.6%, matching requirements like [Python] and missing [embeddings-based retrieval systems, vector databases, hybrid search infrastructure, evaluation frameworks for ranking systems]. Seniority alignment is rated at 100.0% based on relevant experience. Located in 'Coimbatore, Tamil Nadu' (not open to relocation); notice period is 30 days. Profile is verified with a behavioral engagement score of 0.50 (honeypot risk: 0.00, GitHub score: 67.3). Key classification tag(s): Strong Seniority Fit, High Engagement, Skill Gap Risk, Verified Profile."
CAND_0060072,11,0.418713,"Candidate CAND_0060072 is ranked #11 for the 'Senior AI Engineer — Founding Team' role with a composite score of 0.42. They show a skill overlap of 6.5%, matching requirements like [None] and missing [embeddings-based retrieval systems, vector databases, hybrid search infrastructure, Python, evaluation frameworks for ranking systems]. Seniority alignment is rated at 100.0% based on relevant experience. Located in 'Indore, Madhya Pradesh' (willing to relocate); notice period is 90 days. Profile is verified with a behavioral engagement score of 0.50 (honeypot risk: 0.00, GitHub score: 82.4). Key classification tag(s): Strong Seniority Fit, High Engagement, Verified Profile."
CAND_0002025,12,0.418661,"Candidate CAND_0002025 is ranked #12 for the 'Senior AI Engineer — Founding Team' role with a composite score of 0.42. They show a skill overlap of 3.1%, matching requirements like [Python] and missing [embeddings-based retrieval systems, vector databases, hybrid search infrastructure, evaluation frameworks for ranking systems]. Seniority alignment is rated at 100.0% based on relevant experience. Located in 'Trivandrum, Kerala' (not open to relocation); notice period is 30 days. Profile is verified with a behavioral engagement score of 0.50 (honeypot risk: 0.00, GitHub score: 96.9). Key classification tag(s): Strong Seniority Fit, High Engagement, Skill Gap Risk, Verified Profile."
CAND_0011687,13,0.418256,"Candidate CAND_0011687 is ranked #13 for the 'Senior AI Engineer — Founding Team' role with a composite score of 0.42. They show a skill overlap of 4.0%, matching requirements like [None] and missing [embeddings-based retrieval systems, vector databases, hybrid search infrastructure, Python, evaluation frameworks for ranking systems]. Seniority alignment is rated at 100.0% based on relevant experience. Located in 'Indore, Madhya Pradesh' (not open to relocation); notice period is 15 days. Profile is verified with a behavioral engagement score of 0.50 (honeypot risk: 0.00, GitHub score: 76.3). Key classification tag(s): Strong Seniority Fit, High Engagement, Skill Gap Risk, Verified Profile."
CAND_0007411,14,0.418033,"Candidate CAND_0007411 is ranked #14 for the 'Senior AI Engineer — Founding Team' role with a composite score of 0.42. They show a skill overlap of 3.8%, matching requirements like [None] and missing [embeddings-based retrieval systems, vector databases, hybrid search infrastructure, Python, evaluation frameworks for ranking systems]. Seniority alignment is rated at 100.0% based on relevant experience. Located in 'Kochi, Kerala' (willing to relocate); notice period is 15 days. Profile is verified with a behavioral engagement score of 0.50 (honeypot risk: 0.00, GitHub score: 89.5). Key classification tag(s): Strong Seniority Fit, High Engagement, Skill Gap Risk, Verified Profile."
CAND_0093547,15,0.413605,"Candidate CAND_0093547 is ranked #15 for the 'Senior AI Engineer — Founding Team' role with a composite score of 0.41. They show a skill overlap of 3.1%, matching requirements like [Python] and missing [embeddings-based retrieval systems, vector databases, hybrid search infrastructure, evaluation frameworks for ranking systems]. Seniority alignment is rated at 58.0% based on relevant experience. Located in 'Coimbatore, Tamil Nadu' (not open to relocation); notice period is 60 days. Profile is verified with a behavioral engagement score of 0.50 (honeypot risk: 0.00, GitHub score: 59.5). Key classification tag(s): High Engagement, Skill Gap Risk, Verified Profile."
CAND_0080766,16,0.409511,"Candidate CAND_0080766 is ranked #16 for the 'Senior AI Engineer — Founding Team' role with a composite score of 0.41. They show a skill overlap of 3.1%, matching requirements like [Python] and missing [embeddings-based retrieval systems, vector databases, hybrid search infrastructure, evaluation frameworks for ranking systems]. Seniority alignment is rated at 100.0% based on relevant experience. Located in 'Coimbatore, Tamil Nadu' (willing to relocate); notice period is 0 days. Profile is verified with a behavioral engagement score of 0.50 (honeypot risk: 0.00, GitHub score: 32.9). Key classification tag(s): Strong Seniority Fit, High Engagement, Skill Gap Risk, Verified Profile."
CAND_0032515,17,0.406708,"Candidate CAND_0032515 is ranked #17 for the 'Senior AI Engineer — Founding Team' role with a composite score of 0.41. They show a skill overlap of 4.0%, matching requirements like [None] and missing [embeddings-based retrieval systems, vector databases, hybrid search infrastructure, Python, evaluation frameworks for ranking systems]. Seniority alignment is rated at 100.0% based on relevant experience. Located in 'Seattle' (not open to relocation); notice period is 45 days. Profile is verified with a behavioral engagement score of 0.50 (honeypot risk: 0.00, GitHub score: 67.4). Key classification tag(s): Strong Seniority Fit, High Engagement, Skill Gap Risk, Verified Profile."
CAND_0008425,18,0.404394,"Candidate CAND_0008425 is ranked #18 for the 'Senior AI Engineer — Founding Team' role with a composite score of 0.40. They show a skill overlap of 7.1%, matching requirements like [Python] and missing [embeddings-based retrieval systems, vector databases, hybrid search infrastructure, evaluation frameworks for ranking systems]. Seniority alignment is rated at 100.0% based on relevant experience. Located in 'Kolkata, West Bengal' (not open to relocation); notice period is 90 days. Profile is verified with a behavioral engagement score of 0.50 (honeypot risk: 0.00, GitHub score: 53.3). Key classification tag(s): Strong Seniority Fit, High Engagement, Verified Profile."
CAND_0046525,19,0.400466,"Candidate CAND_0046525 is ranked #19 for the 'Senior AI Engineer — Founding Team' role with a composite score of 0.40. They show a skill overlap of 3.4%, matching requirements like [None] and missing [embeddings-based retrieval systems, vector databases, hybrid search infrastructure, Python, evaluation frameworks for ranking systems]. Seniority alignment is rated at 100.0% based on relevant experience. Located in 'Pune, Maharashtra' (willing to relocate); notice period is 60 days. Profile is verified with a behavioral engagement score of 0.50 (honeypot risk: 0.00, GitHub score: 36.7). Key classification tag(s): Strong Seniority Fit, High Engagement, Skill Gap Risk, Verified Profile."
CAND_0040178,20,0.400299,"Candidate CAND_0040178 is ranked #20 for the 'Senior AI Engineer — Founding Team' role with a composite score of 0.40. They show a skill overlap of 3.8%, matching requirements like [Python] and missing [embeddings-based retrieval systems, vector databases, hybrid search infrastructure, evaluation frameworks for ranking systems]. Seniority alignment is rated at 100.0% based on relevant experience. Located in 'Pune, Maharashtra' (not open to relocation); notice period is 60 days. Profile is verified with a behavioral engagement score of 0.50 (honeypot risk: 0.00, GitHub score: 19.7). Key classification tag(s): Strong Seniority Fit, High Engagement, Skill Gap Risk, Verified Profile."
CAND_0092278,21,0.395633,"Candidate CAND_0092278 is ranked #21 for the 'Senior AI Engineer — Founding Team' role with a composite score of 0.40. They show a skill overlap of 0.0%, matching requirements like [None] and missing [embeddings-based retrieval systems, vector databases, hybrid search infrastructure, Python, evaluation frameworks for ranking systems]. Seniority alignment is rated at 100.0% based on relevant experience. Located in 'Pune, Maharashtra' (not open to relocation); notice period is 90 days. Profile is verified with a behavioral engagement score of 0.50 (honeypot risk: 0.00, GitHub score: -1). Key classification tag(s): Strong Seniority Fit, High Engagement, Skill Gap Risk, Verified Profile."
CAND_0030468,22,0.395003,"Candidate CAND_0030468 is ranked #22 for the 'Senior AI Engineer — Founding Team' role with a composite score of 0.40. They show a skill overlap of 0.0%, matching requirements like [None] and missing [embeddings-based retrieval systems, vector databases, hybrid search infrastructure, Python, evaluation frameworks for ranking systems]. Seniority alignment is rated at 100.0% based on relevant experience. Located in 'Indore, Madhya Pradesh' (willing to relocate); notice period is 45 days. Profile is verified with a behavioral engagement score of 0.50 (honeypot risk: 0.00, GitHub score: 45.0). Key classification tag(s): Strong Seniority Fit, High Engagement, Skill Gap Risk, Verified Profile."
CAND_0075574,23,0.394938,"Candidate CAND_0075574 is ranked #23 for the 'Senior AI Engineer — Founding Team' role with a composite score of 0.39. They show a skill overlap of 7.4%, matching requirements like [None] and missing [embeddings-based retrieval systems, vector databases, hybrid search infrastructure, Python, evaluation frameworks for ranking systems]. Seniority alignment is rated at 100.0% based on relevant experience. Located in 'Bangalore, Karnataka' (willing to relocate); notice period is 60 days. Profile is verified with a behavioral engagement score of 0.50 (honeypot risk: 0.00, GitHub score: 37.7). Key classification tag(s): Strong Seniority Fit, High Engagement, Verified Profile."
CAND_0064326,24,0.393603,"Candidate CAND_0064326 is ranked #24 for the 'Senior AI Engineer — Founding Team' role with a composite score of 0.39. They show a skill overlap of 4.0%, matching requirements like [Python] and missing [embeddings-based retrieval systems, vector databases, hybrid search infrastructure, evaluation frameworks for ranking systems]. Seniority alignment is rated at 100.0% based on relevant experience. Located in 'Gurgaon, Haryana' (not open to relocation); notice period is 45 days. Profile is verified with a behavioral engagement score of 0.50 (honeypot risk: 0.00, GitHub score: 61.4). Key classification tag(s): Strong Seniority Fit, High Engagement, Skill Gap Risk, Verified Profile."
CAND_0061257,25,0.390743,"Candidate CAND_0061257 is ranked #25 for the 'Senior AI Engineer — Founding Team' role with a composite score of 0.39. They show a skill overlap of 3.6%, matching requirements like [Python] and missing [embeddings-based retrieval systems, vector databases, hybrid search infrastructure, evaluation frameworks for ranking systems]. Seniority alignment is rated at 100.0% based on relevant experience. Located in 'Noida, Uttar Pradesh' (not open to relocation); notice period is 30 days. Profile is verified with a behavioral engagement score of 0.50 (honeypot risk: 0.00, GitHub score: 45.3). Key classification tag(s): Strong Seniority Fit, High Engagement, Skill Gap Risk, Verified Profile."
CAND_0037980,26,0.389450,"Candidate CAND_0037980 is ranked #26 for the 'Senior AI Engineer — Founding Team' role with a composite score of 0.39. They show a skill overlap of 3.0%, matching requirements like [None] and missing [embeddings-based retrieval systems, vector databases, hybrid search infrastructure, Python, evaluation frameworks for ranking systems]. Seniority alignment is rated at 100.0% based on relevant experience. Located in 'Kolkata, West Bengal' (willing to relocate); notice period is 0 days. Profile is verified with a behavioral engagement score of 0.50 (honeypot risk: 0.00, GitHub score: 30.8). Key classification tag(s): Strong Seniority Fit, High Engagement, Skill Gap Risk, Verified Profile."
CAND_0033861,27,0.386734,"Candidate CAND_0033861 is ranked #27 for the 'Senior AI Engineer — Founding Team' role with a composite score of 0.39. They show a skill overlap of 2.9%, matching requirements like [None] and missing [embeddings-based retrieval systems, vector databases, hybrid search infrastructure, Python, evaluation frameworks for ranking systems]. Seniority alignment is rated at 100.0% based on relevant experience. Located in 'Vizag, Andhra Pradesh' (not open to relocation); notice period is 30 days. Profile is verified with a behavioral engagement score of 0.50 (honeypot risk: 0.00, GitHub score: 32.6). Key classification tag(s): Strong Seniority Fit, High Engagement, Skill Gap Risk, Verified Profile."
CAND_0006418,28,0.384927,"Candidate CAND_0006418 is ranked #28 for the 'Senior AI Engineer — Founding Team' role with a composite score of 0.38. They show a skill overlap of 3.6%, matching requirements like [None] and missing [embeddings-based retrieval systems, vector databases, hybrid search infrastructure, Python, evaluation frameworks for ranking systems]. Seniority alignment is rated at 100.0% based on relevant experience. Located in 'Gurgaon, Haryana' (willing to relocate); notice period is 60 days. Profile is verified with a behavioral engagement score of 0.50 (honeypot risk: 0.00, GitHub score: 59.7). Key classification tag(s): Strong Seniority Fit, High Engagement, Skill Gap Risk, Verified Profile."
CAND_0064270,29,0.384830,"Candidate CAND_0064270 is ranked #29 for the 'Senior AI Engineer — Founding Team' role with a composite score of 0.38. They show a skill overlap of 3.4%, matching requirements like [None] and missing [embeddings-based retrieval systems, vector databases, hybrid search infrastructure, Python, evaluation frameworks for ranking systems]. Seniority alignment is rated at 84.0% based on relevant experience. Located in 'Pune, Maharashtra' (willing to relocate); notice period is 45 days. Profile is verified with a behavioral engagement score of 0.50 (honeypot risk: 0.00, GitHub score: -1). Key classification tag(s): High Engagement, Skill Gap Risk, Verified Profile."
CAND_0030031,30,0.377171,"Candidate CAND_0030031 is ranked #30 for the 'Senior AI Engineer — Founding Team' role with a composite score of 0.38. They show a skill overlap of 3.7%, matching requirements like [Python] and missing [embeddings-based retrieval systems, vector databases, hybrid search infrastructure, evaluation frameworks for ranking systems]. Seniority alignment is rated at 100.0% based on relevant experience. Located in 'Trivandrum, Kerala' (not open to relocation); notice period is 30 days. Profile is verified with a behavioral engagement score of 0.50 (honeypot risk: 0.00, GitHub score: 32.4). Key classification tag(s): Strong Seniority Fit, High Engagement, Skill Gap Risk, Verified Profile."
CAND_0086151,31,0.375447,"Candidate CAND_0086151 is ranked #31 for the 'Senior AI Engineer — Founding Team' role with a composite score of 0.38. They show a skill overlap of 3.2%, matching requirements like [None] and missing [embeddings-based retrieval systems, vector databases, hybrid search infrastructure, Python, evaluation frameworks for ranking systems]. Seniority alignment is rated at 100.0% based on relevant experience. Located in 'Vizag, Andhra Pradesh' (willing to relocate); notice period is 120 days. Profile is verified with a behavioral engagement score of 0.50 (honeypot risk: 0.00, GitHub score: 51.7). Key classification tag(s): Strong Seniority Fit, High Engagement, Skill Gap Risk, Verified Profile."
CAND_0051630,32,0.375178,"Candidate CAND_0051630 is ranked #32 for the 'Senior AI Engineer — Founding Team' role with a composite score of 0.38. They show a skill overlap of 3.6%, matching requirements like [Python] and missing [embeddings-based retrieval systems, vector databases, hybrid search infrastructure, evaluation frameworks for ranking systems]. Seniority alignment is rated at 100.0% based on relevant experience. Located in 'Kolkata, West Bengal' (not open to relocation); notice period is 90 days. Profile is verified with a behavioral engagement score of 0.50 (honeypot risk: 0.00, GitHub score: 66.4). Key classification tag(s): Strong Seniority Fit, High Engagement, Skill Gap Risk, Verified Profile."
CAND_0005260,33,0.358363,"Candidate CAND_0005260 is ranked #33 for the 'Senior AI Engineer — Founding Team' role with a composite score of 0.36. They show a skill overlap of 3.4%, matching requirements like [Python] and missing [embeddings-based retrieval systems, vector databases, hybrid search infrastructure, evaluation frameworks for ranking systems]. Seniority alignment is rated at 100.0% based on relevant experience. Located in 'Chennai, Tamil Nadu' (willing to relocate); notice period is 60 days. Profile is verified with a behavioral engagement score of 0.50 (honeypot risk: 0.00, GitHub score: -1). Key classification tag(s): Strong Seniority Fit, High Engagement, Skill Gap Risk, Verified Profile."
CAND_0041611,34,0.356385,"Candidate CAND_0041611 is ranked #34 for the 'Senior AI Engineer — Founding Team' role with a composite score of 0.36. They show a skill overlap of 6.9%, matching requirements like [None] and missing [embeddings-based retrieval systems, vector databases, hybrid search infrastructure, Python, evaluation frameworks for ranking systems]. Seniority alignment is rated at 100.0% based on relevant experience. Located in 'Austin' (willing to relocate); notice period is 30 days. Profile is verified with a behavioral engagement score of 0.50 (honeypot risk: 0.00, GitHub score: -1). Key classification tag(s): Strong Seniority Fit, High Engagement, Verified Profile."
CAND_0042029,35,0.356023,"Candidate CAND_0042029 is ranked #35 for the 'Senior AI Engineer — Founding Team' role with a composite score of 0.36. They show a skill overlap of 3.3%, matching requirements like [None] and missing [embeddings-based retrieval systems, vector databases, hybrid search infrastructure, Python, evaluation frameworks for ranking systems]. Seniority alignment is rated at 100.0% based on relevant experience. Located in 'Delhi, Delhi' (willing to relocate); notice period is 45 days. Profile is verified with a behavioral engagement score of 0.50 (honeypot risk: 0.00, GitHub score: 78.7). Key classification tag(s): Strong Seniority Fit, High Engagement, Skill Gap Risk, Verified Profile."
CAND_0081846,36,0.353889,"Candidate CAND_0081846 is ranked #36 for the 'Senior AI Engineer — Founding Team' role with a composite score of 0.35. They show a skill overlap of 7.1%, matching requirements like [Python] and missing [embeddings-based retrieval systems, vector databases, hybrid search infrastructure, evaluation frameworks for ranking systems]. Seniority alignment is rated at 100.0% based on relevant experience. Located in 'Jaipur, Rajasthan' (willing to relocate); notice period is 30 days. Profile is verified with a behavioral engagement score of 0.50 (honeypot risk: 0.00, GitHub score: 33.7). Key classification tag(s): Strong Seniority Fit, High Engagement, Verified Profile."
CAND_0044883,37,0.349889,"Candidate CAND_0044883 is ranked #37 for the 'Senior AI Engineer — Founding Team' role with a composite score of 0.35. They show a skill overlap of 3.7%, matching requirements like [None] and missing [embeddings-based retrieval systems, vector databases, hybrid search infrastructure, Python, evaluation frameworks for ranking systems]. Seniority alignment is rated at 100.0% based on relevant experience. Located in 'Berlin' (willing to relocate); notice period is 90 days. Profile is verified with a behavioral engagement score of 0.50 (honeypot risk: 0.00, GitHub score: 70.5). Key classification tag(s): Strong Seniority Fit, High Engagement, Skill Gap Risk, Verified Profile."
CAND_0044222,38,0.348798,"Candidate CAND_0044222 is ranked #38 for the 'Senior AI Engineer — Founding Team' role with a composite score of 0.35. They show a skill overlap of 3.2%, matching requirements like [None] and missing [embeddings-based retrieval systems, vector databases, hybrid search infrastructure, Python, evaluation frameworks for ranking systems]. Seniority alignment is rated at 100.0% based on relevant experience. Located in 'Vizag, Andhra Pradesh' (not open to relocation); notice period is 60 days. Profile is verified with a behavioral engagement score of 0.50 (honeypot risk: 0.00, GitHub score: 28.9). Key classification tag(s): Strong Seniority Fit, High Engagement, Skill Gap Risk, Verified Profile."
CAND_0039521,39,0.348608,"Candidate CAND_0039521 is ranked #39 for the 'Senior AI Engineer — Founding Team' role with a composite score of 0.35. They show a skill overlap of 6.9%, matching requirements like [None] and missing [embeddings-based retrieval systems, vector databases, hybrid search infrastructure, Python, evaluation frameworks for ranking systems]. Seniority alignment is rated at 60.0% based on relevant experience. Located in 'Coimbatore, Tamil Nadu' (not open to relocation); notice period is 30 days. Profile is verified with a behavioral engagement score of 0.50 (honeypot risk: 0.00, GitHub score: -1). Key classification tag(s): High Engagement, Verified Profile."
CAND_0098952,40,0.347116,"Candidate CAND_0098952 is ranked #40 for the 'Senior AI Engineer — Founding Team' role with a composite score of 0.35. They show a skill overlap of 3.4%, matching requirements like [Python] and missing [embeddings-based retrieval systems, vector databases, hybrid search infrastructure, evaluation frameworks for ranking systems]. Seniority alignment is rated at 100.0% based on relevant experience. Located in 'Gurgaon, Haryana' (willing to relocate); notice period is 45 days. Profile is verified with a behavioral engagement score of 0.50 (honeypot risk: 0.00, GitHub score: 47.2). Key classification tag(s): Strong Seniority Fit, High Engagement, Skill Gap Risk, Verified Profile."
CAND_0007009,41,0.344267,"Candidate CAND_0007009 is ranked #41 for the 'Senior AI Engineer — Founding Team' role with a composite score of 0.34. They show a skill overlap of 3.3%, matching requirements like [Python] and missing [embeddings-based retrieval systems, vector databases, hybrid search infrastructure, evaluation frameworks for ranking systems]. Seniority alignment is rated at 100.0% based on relevant experience. Located in 'Noida, Uttar Pradesh' (not open to relocation); notice period is 30 days. Profile is verified with a behavioral engagement score of 0.50 (honeypot risk: 0.00, GitHub score: 69.2). Key classification tag(s): Strong Seniority Fit, High Engagement, Skill Gap Risk, Verified Profile."
CAND_0055992,42,0.343863,"Candidate CAND_0055992 is ranked #42 for the 'Senior AI Engineer — Founding Team' role with a composite score of 0.34. They show a skill overlap of 0.0%, matching requirements like [None] and missing [embeddings-based retrieval systems, vector databases, hybrid search infrastructure, Python, evaluation frameworks for ranking systems]. Seniority alignment is rated at 100.0% based on relevant experience. Located in 'Sydney' (willing to relocate); notice period is 60 days. Profile is verified with a behavioral engagement score of 0.50 (honeypot risk: 0.00, GitHub score: 65.3). Key classification tag(s): Strong Seniority Fit, High Engagement, Skill Gap Risk, Verified Profile."
CAND_0052328,43,0.341754,"Candidate CAND_0052328 is ranked #43 for the 'Senior AI Engineer — Founding Team' role with a composite score of 0.34. They show a skill overlap of 3.6%, matching requirements like [Python] and missing [embeddings-based retrieval systems, vector databases, hybrid search infrastructure, evaluation frameworks for ranking systems]. Seniority alignment is rated at 100.0% based on relevant experience. Located in 'Pune, Maharashtra' (not open to relocation); notice period is 30 days. Profile is verified with a behavioral engagement score of 0.50 (honeypot risk: 0.00, GitHub score: 77.6). Key classification tag(s): Strong Seniority Fit, High Engagement, Skill Gap Risk, Verified Profile."
CAND_0090268,44,0.336853,"Candidate CAND_0090268 is ranked #44 for the 'Senior AI Engineer — Founding Team' role with a composite score of 0.34. They show a skill overlap of 0.0%, matching requirements like [None] and missing [embeddings-based retrieval systems, vector databases, hybrid search infrastructure, Python, evaluation frameworks for ranking systems]. Seniority alignment is rated at 100.0% based on relevant experience. Located in 'Seattle' (not open to relocation); notice period is 120 days. Profile is verified with a behavioral engagement score of 0.50 (honeypot risk: 0.00, GitHub score: 30.7). Key classification tag(s): Strong Seniority Fit, High Engagement, Skill Gap Risk, Verified Profile."
CAND_0005538,45,0.328607,"Candidate CAND_0005538 is ranked #45 for the 'Senior AI Engineer — Founding Team' role with a composite score of 0.33. They show a skill overlap of 3.3%, matching requirements like [Python] and missing [embeddings-based retrieval systems, vector databases, hybrid search infrastructure, evaluation frameworks for ranking systems]. Seniority alignment is rated at 100.0% based on relevant experience. Located in 'Kolkata, West Bengal' (not open to relocation); notice period is 90 days. Profile is verified with a behavioral engagement score of 0.50 (honeypot risk: 0.00, GitHub score: 58.0). Key classification tag(s): Strong Seniority Fit, High Engagement, Skill Gap Risk, Verified Profile."
CAND_0060054,46,0.326537,"Candidate CAND_0060054 is ranked #46 for the 'Senior AI Engineer — Founding Team' role with a composite score of 0.33. They show a skill overlap of 0.0%, matching requirements like [None] and missing [embeddings-based retrieval systems, vector databases, hybrid search infrastructure, Python, evaluation frameworks for ranking systems]. Seniority alignment is rated at 100.0% based on relevant experience. Located in 'Jaipur, Rajasthan' (willing to relocate); notice period is 15 days. Profile is verified with a behavioral engagement score of 0.50 (honeypot risk: 0.00, GitHub score: -1). Key classification tag(s): Strong Seniority Fit, High Engagement, Skill Gap Risk, Verified Profile."
CAND_0028793,47,0.326518,"Candidate CAND_0028793 is ranked #47 for the 'Senior AI Engineer — Founding Team' role with a composite score of 0.33. They show a skill overlap of 3.7%, matching requirements like [None] and missing [embeddings-based retrieval systems, vector databases, hybrid search infrastructure, Python, evaluation frameworks for ranking systems]. Seniority alignment is rated at 100.0% based on relevant experience. Located in 'Trivandrum, Kerala' (willing to relocate); notice period is 120 days. Profile is verified with a behavioral engagement score of 0.50 (honeypot risk: 0.00, GitHub score: 83.1). Key classification tag(s): Strong Seniority Fit, High Engagement, Skill Gap Risk, Verified Profile."
CAND_0055905,48,0.323028,"Candidate CAND_0055905 is ranked #48 for the 'Senior AI Engineer — Founding Team' role with a composite score of 0.32. They show a skill overlap of 4.0%, matching requirements like [Python] and missing [embeddings-based retrieval systems, vector databases, hybrid search infrastructure, evaluation frameworks for ranking systems]. Seniority alignment is rated at 100.0% based on relevant experience. Located in 'London' (not open to relocation); notice period is 30 days. Profile is verified with a behavioral engagement score of 0.50 (honeypot risk: 0.00, GitHub score: -1). Key classification tag(s): Strong Seniority Fit, High Engagement, Skill Gap Risk, Verified Profile."
CAND_0001610,49,0.319568,"Candidate CAND_0001610 is ranked #49 for the 'Senior AI Engineer — Founding Team' role with a composite score of 0.32. They show a skill overlap of 3.3%, matching requirements like [None] and missing [embeddings-based retrieval systems, vector databases, hybrid search infrastructure, Python, evaluation frameworks for ranking systems]. Seniority alignment is rated at 60.0% based on relevant experience. Located in 'Trivandrum, Kerala' (willing to relocate); notice period is 90 days. Profile is verified with a behavioral engagement score of 0.50 (honeypot risk: 0.00, GitHub score: 40.0). Key classification tag(s): High Engagement, Skill Gap Risk, Verified Profile."
CAND_0094759,50,0.318244,"Candidate CAND_0094759 is ranked #50 for the 'Senior AI Engineer — Founding Team' role with a composite score of 0.32. They show a skill overlap of 3.6%, matching requirements like [None] and missing [embeddings-based retrieval systems, vector databases, hybrid search infrastructure, Python, evaluation frameworks for ranking systems]. Seniority alignment is rated at 100.0% based on relevant experience. Located in 'Mumbai, Maharashtra' (willing to relocate); notice period is 30 days. Profile is verified with a behavioral engagement score of 0.50 (honeypot risk: 0.00, GitHub score: 76.2). Key classification tag(s): Strong Seniority Fit, High Engagement, Skill Gap Risk, Verified Profile."
CAND_0013613,51,0.312731,"Candidate CAND_0013613 is ranked #51 for the 'Senior AI Engineer — Founding Team' role with a composite score of 0.31. They show a skill overlap of 0.0%, matching requirements like [None] and missing [embeddings-based retrieval systems, vector databases, hybrid search infrastructure, Python, evaluation frameworks for ranking systems]. Seniority alignment is rated at 94.0% based on relevant experience. Located in 'Singapore' (not open to relocation); notice period is 60 days. Profile is verified with a behavioral engagement score of 0.50 (honeypot risk: 0.00, GitHub score: 66.7). Key classification tag(s): Strong Seniority Fit, High Engagement, Skill Gap Risk, Verified Profile."
CAND_0037000,52,0.309020,"Candidate CAND_0037000 is ranked #52 for the 'Senior AI Engineer — Founding Team' role with a composite score of 0.31. They show a skill overlap of 0.0%, matching requirements like [None] and missing [embeddings-based retrieval systems, vector databases, hybrid search infrastructure, Python, evaluation frameworks for ranking systems]. Seniority alignment is rated at 54.0% based on relevant experience. Located in 'Noida, Uttar Pradesh' (not open to relocation); notice period is 15 days. Profile is verified with a behavioral engagement score of 0.50 (honeypot risk: 0.00, GitHub score: 66.8). Key classification tag(s): High Engagement, Skill Gap Risk, Verified Profile."
CAND_0006557,53,0.305265,"Candidate CAND_0006557 is ranked #53 for the 'Senior AI Engineer — Founding Team' role with a composite score of 0.31. They show a skill overlap of 3.3%, matching requirements like [None] and missing [embeddings-based retrieval systems, vector databases, hybrid search infrastructure, Python, evaluation frameworks for ranking systems]. Seniority alignment is rated at 100.0% based on relevant experience. Located in 'Jaipur, Rajasthan' (willing to relocate); notice period is 120 days. Profile is verified with a behavioral engagement score of 0.50 (honeypot risk: 0.00, GitHub score: -1). Key classification tag(s): Strong Seniority Fit, High Engagement, Skill Gap Risk, Verified Profile."
CAND_0004213,54,0.304731,"Candidate CAND_0004213 is ranked #54 for the 'Senior AI Engineer — Founding Team' role with a composite score of 0.30. They show a skill overlap of 0.0%, matching requirements like [None] and missing [embeddings-based retrieval systems, vector databases, hybrid search infrastructure, Python, evaluation frameworks for ranking systems]. Seniority alignment is rated at 100.0% based on relevant experience. Located in 'Kolkata, West Bengal' (not open to relocation); notice period is 30 days. Profile is verified with a behavioral engagement score of 0.50 (honeypot risk: 0.00, GitHub score: 36.0). Key classification tag(s): Strong Seniority Fit, High Engagement, Skill Gap Risk, Verified Profile."
CAND_0048346,55,0.258748,"Candidate CAND_0048346 is ranked #55 for the 'Senior AI Engineer — Founding Team' role with a composite score of 0.26. They show a skill overlap of 0.0%, matching requirements like [None] and missing [embeddings-based retrieval systems, vector databases, hybrid search infrastructure, Python, evaluation frameworks for ranking systems]. Seniority alignment is rated at 100.0% based on relevant experience. Located in 'Chandigarh, Chandigarh' (not open to relocation); notice period is 150 days. Profile is verified with a behavioral engagement score of 0.50 (honeypot risk: 0.00, GitHub score: 10.3). Key classification tag(s): Strong Seniority Fit, High Engagement, Skill Gap Risk, Verified Profile."
CAND_0083867,56,0.251748,"Candidate CAND_0083867 is ranked #56 for the 'Senior AI Engineer — Founding Team' role with a composite score of 0.25. They show a skill overlap of 0.0%, matching requirements like [None] and missing [embeddings-based retrieval systems, vector databases, hybrid search infrastructure, Python, evaluation frameworks for ranking systems]. Seniority alignment is rated at 100.0% based on relevant experience. Located in 'Kolkata, West Bengal' (not open to relocation); notice period is 90 days. Profile is verified with a behavioral engagement score of 0.50 (honeypot risk: 0.00, GitHub score: -1). Key classification tag(s): Strong Seniority Fit, High Engagement, Skill Gap Risk, Verified Profile."
CAND_0066376,57,0.248833,"Candidate CAND_0066376 is ranked #57 for the 'Senior AI Engineer — Founding Team' role with a composite score of 0.25. They show a skill overlap of 0.0%, matching requirements like [None] and missing [embeddings-based retrieval systems, vector databases, hybrid search infrastructure, Python, evaluation frameworks for ranking systems]. Seniority alignment is rated at 100.0% based on relevant experience. Located in 'Mumbai, Maharashtra' (not open to relocation); notice period is 90 days. Profile is verified with a behavioral engagement score of 0.50 (honeypot risk: 0.00, GitHub score: -1). Key classification tag(s): Strong Seniority Fit, High Engagement, Skill Gap Risk, Verified Profile."
CAND_0036936,58,0.244163,"Candidate CAND_0036936 is ranked #58 for the 'Senior AI Engineer — Founding Team' role with a composite score of 0.24. They show a skill overlap of 0.0%, matching requirements like [None] and missing [embeddings-based retrieval systems, vector databases, hybrid search infrastructure, Python, evaluation frameworks for ranking systems]. Seniority alignment is rated at 100.0% based on relevant experience. Located in 'Kochi, Kerala' (willing to relocate); notice period is 120 days. Profile is verified with a behavioral engagement score of 0.50 (honeypot risk: 0.00, GitHub score: 1.7). Key classification tag(s): Strong Seniority Fit, High Engagement, Skill Gap Risk, Verified Profile."
CAND_0019257,59,0.244112,"Candidate CAND_0019257 is ranked #59 for the 'Senior AI Engineer — Founding Team' role with a composite score of 0.24. They show a skill overlap of 0.0%, matching requirements like [None] and missing [embeddings-based retrieval systems, vector databases, hybrid search infrastructure, Python, evaluation frameworks for ranking systems]. Seniority alignment is rated at 100.0% based on relevant experience. Located in 'Pune, Maharashtra' (willing to relocate); notice period is 60 days. Profile is verified with a behavioral engagement score of 0.50 (honeypot risk: 0.00, GitHub score: -1). Key classification tag(s): Strong Seniority Fit, High Engagement, Skill Gap Risk, Verified Profile."
CAND_0013590,60,0.234012,"Candidate CAND_0013590 is ranked #60 for the 'Senior AI Engineer — Founding Team' role with a composite score of 0.23. They show a skill overlap of 0.0%, matching requirements like [None] and missing [embeddings-based retrieval systems, vector databases, hybrid search infrastructure, Python, evaluation frameworks for ranking systems]. Seniority alignment is rated at 100.0% based on relevant experience. Located in 'Seattle' (not open to relocation); notice period is 90 days. Profile is verified with a behavioral engagement score of 0.50 (honeypot risk: 0.00, GitHub score: -1). Key classification tag(s): Strong Seniority Fit, High Engagement, Skill Gap Risk, Verified Profile."
CAND_0049425,61,0.230447,"Candidate CAND_0049425 is ranked #61 for the 'Senior AI Engineer — Founding Team' role with a composite score of 0.23. They show a skill overlap of 0.0%, matching requirements like [None] and missing [embeddings-based retrieval systems, vector databases, hybrid search infrastructure, Python, evaluation frameworks for ranking systems]. Seniority alignment is rated at 100.0% based on relevant experience. Located in 'Bhubaneswar, Odisha' (willing to relocate); notice period is 90 days. Profile is verified with a behavioral engagement score of 0.50 (honeypot risk: 0.00, GitHub score: 43.8). Key classification tag(s): Strong Seniority Fit, High Engagement, Skill Gap Risk, Verified Profile."
CAND_0038463,62,0.228829,"Candidate CAND_0038463 is ranked #62 for the 'Senior AI Engineer — Founding Team' role with a composite score of 0.23. They show a skill overlap of 0.0%, matching requirements like [None] and missing [embeddings-based retrieval systems, vector databases, hybrid search infrastructure, Python, evaluation frameworks for ranking systems]. Seniority alignment is rated at 100.0% based on relevant experience. Located in 'Noida, Uttar Pradesh' (not open to relocation); notice period is 60 days. Profile is verified with a behavioral engagement score of 0.50 (honeypot risk: 0.00, GitHub score: 2.4). Key classification tag(s): Strong Seniority Fit, High Engagement, Skill Gap Risk, Verified Profile."
CAND_0000201,63,0.228380,"Candidate CAND_0000201 is ranked #63 for the 'Senior AI Engineer — Founding Team' role with a composite score of 0.23. They show a skill overlap of 0.0%, matching requirements like [None] and missing [embeddings-based retrieval systems, vector databases, hybrid search infrastructure, Python, evaluation frameworks for ranking systems]. Seniority alignment is rated at 100.0% based on relevant experience. Located in 'Mumbai, Maharashtra' (willing to relocate); notice period is 60 days. Profile is verified with a behavioral engagement score of 0.50 (honeypot risk: 0.00, GitHub score: 42.1). Key classification tag(s): Strong Seniority Fit, High Engagement, Skill Gap Risk, Verified Profile."
CAND_0004330,64,0.227942,"Candidate CAND_0004330 is ranked #64 for the 'Senior AI Engineer — Founding Team' role with a composite score of 0.23. They show a skill overlap of 0.0%, matching requirements like [None] and missing [embeddings-based retrieval systems, vector databases, hybrid search infrastructure, Python, evaluation frameworks for ranking systems]. Seniority alignment is rated at 100.0% based on relevant experience. Located in 'Chennai, Tamil Nadu' (not open to relocation); notice period is 60 days. Profile is verified with a behavioral engagement score of 0.50 (honeypot risk: 0.00, GitHub score: 27.5). Key classification tag(s): Strong Seniority Fit, High Engagement, Skill Gap Risk, Verified Profile."
CAND_0002849,65,0.225727,"Candidate CAND_0002849 is ranked #65 for the 'Senior AI Engineer — Founding Team' role with a composite score of 0.23. They show a skill overlap of 0.0%, matching requirements like [None] and missing [embeddings-based retrieval systems, vector databases, hybrid search infrastructure, Python, evaluation frameworks for ranking systems]. Seniority alignment is rated at 100.0% based on relevant experience. Located in 'Trivandrum, Kerala' (not open to relocation); notice period is 90 days. Profile is verified with a behavioral engagement score of 0.50 (honeypot risk: 0.00, GitHub score: 20.1). Key classification tag(s): Strong Seniority Fit, High Engagement, Skill Gap Risk, Verified Profile."
CAND_0006842,66,0.222044,"Candidate CAND_0006842 is ranked #66 for the 'Senior AI Engineer — Founding Team' role with a composite score of 0.22. They show a skill overlap of 0.0%, matching requirements like [None] and missing [embeddings-based retrieval systems, vector databases, hybrid search infrastructure, Python, evaluation frameworks for ranking systems]. Seniority alignment is rated at 100.0% based on relevant experience. Located in 'Kolkata, West Bengal' (not open to relocation); notice period is 30 days. Profile is verified with a behavioral engagement score of 0.50 (honeypot risk: 0.00, GitHub score: -1). Key classification tag(s): Strong Seniority Fit, High Engagement, Skill Gap Risk, Verified Profile."
CAND_0092561,67,0.221514,"Candidate CAND_0092561 is ranked #67 for the 'Senior AI Engineer — Founding Team' role with a composite score of 0.22. They show a skill overlap of 0.0%, matching requirements like [None] and missing [embeddings-based retrieval systems, vector databases, hybrid search infrastructure, Python, evaluation frameworks for ranking systems]. Seniority alignment is rated at 100.0% based on relevant experience. Located in 'Chennai, Tamil Nadu' (not open to relocation); notice period is 60 days. Profile is verified with a behavioral engagement score of 0.50 (honeypot risk: 0.00, GitHub score: 49.5). Key classification tag(s): Strong Seniority Fit, High Engagement, Skill Gap Risk, Verified Profile."
CAND_0090554,68,0.219298,"Candidate CAND_0090554 is ranked #68 for the 'Senior AI Engineer — Founding Team' role with a composite score of 0.22. They show a skill overlap of 0.0%, matching requirements like [None] and missing [embeddings-based retrieval systems, vector databases, hybrid search infrastructure, Python, evaluation frameworks for ranking systems]. Seniority alignment is rated at 100.0% based on relevant experience. Located in 'Dubai' (not open to relocation); notice period is 60 days. Profile is verified with a behavioral engagement score of 0.50 (honeypot risk: 0.00, GitHub score: -1). Key classification tag(s): Strong Seniority Fit, High Engagement, Skill Gap Risk, Verified Profile."
CAND_0004508,69,0.218341,"Candidate CAND_0004508 is ranked #69 for the 'Senior AI Engineer — Founding Team' role with a composite score of 0.22. They show a skill overlap of 0.0%, matching requirements like [None] and missing [embeddings-based retrieval systems, vector databases, hybrid search infrastructure, Python, evaluation frameworks for ranking systems]. Seniority alignment is rated at 100.0% based on relevant experience. Located in 'Ahmedabad, Gujarat' (not open to relocation); notice period is 90 days. Profile is verified with a behavioral engagement score of 0.50 (honeypot risk: 0.00, GitHub score: -1). Key classification tag(s): Strong Seniority Fit, High Engagement, Skill Gap Risk, Verified Profile."
CAND_0058145,70,0.218015,"Candidate CAND_0058145 is ranked #70 for the 'Senior AI Engineer — Founding Team' role with a composite score of 0.22. They show a skill overlap of 0.0%, matching requirements like [None] and missing [embeddings-based retrieval systems, vector databases, hybrid search infrastructure, Python, evaluation frameworks for ranking systems]. Seniority alignment is rated at 100.0% based on relevant experience. Located in 'San Francisco' (not open to relocation); notice period is 30 days. Profile is verified with a behavioral engagement score of 0.50 (honeypot risk: 0.00, GitHub score: 29.4). Key classification tag(s): Strong Seniority Fit, High Engagement, Skill Gap Risk, Verified Profile."
CAND_0022099,71,0.216379,"Candidate CAND_0022099 is ranked #71 for the 'Senior AI Engineer — Founding Team' role with a composite score of 0.22. They show a skill overlap of 0.0%, matching requirements like [None] and missing [embeddings-based retrieval systems, vector databases, hybrid search infrastructure, Python, evaluation frameworks for ranking systems]. Seniority alignment is rated at 100.0% based on relevant experience. Located in 'Chandigarh, Chandigarh' (not open to relocation); notice period is 30 days. Profile is verified with a behavioral engagement score of 0.50 (honeypot risk: 0.00, GitHub score: 32.3). Key classification tag(s): Strong Seniority Fit, High Engagement, Skill Gap Risk, Verified Profile."
CAND_0002113,72,0.212850,"Candidate CAND_0002113 is ranked #72 for the 'Senior AI Engineer — Founding Team' role with a composite score of 0.21. They show a skill overlap of 0.0%, matching requirements like [None] and missing [embeddings-based retrieval systems, vector databases, hybrid search infrastructure, Python, evaluation frameworks for ranking systems]. Seniority alignment is rated at 100.0% based on relevant experience. Located in 'Trivandrum, Kerala' (willing to relocate); notice period is 90 days. Profile is verified with a behavioral engagement score of 0.50 (honeypot risk: 0.00, GitHub score: -1). Key classification tag(s): Strong Seniority Fit, High Engagement, Skill Gap Risk, Verified Profile."
CAND_0012450,73,0.212258,"Candidate CAND_0012450 is ranked #73 for the 'Senior AI Engineer — Founding Team' role with a composite score of 0.21. They show a skill overlap of 0.0%, matching requirements like [None] and missing [embeddings-based retrieval systems, vector databases, hybrid search infrastructure, Python, evaluation frameworks for ranking systems]. Seniority alignment is rated at 100.0% based on relevant experience. Located in 'Jaipur, Rajasthan' (not open to relocation); notice period is 90 days. Profile is verified with a behavioral engagement score of 0.50 (honeypot risk: 0.00, GitHub score: -1). Key classification tag(s): Strong Seniority Fit, High Engagement, Skill Gap Risk, Verified Profile."
CAND_0036013,74,0.209040,"Candidate CAND_0036013 is ranked #74 for the 'Senior AI Engineer — Founding Team' role with a composite score of 0.21. They show a skill overlap of 0.0%, matching requirements like [None] and missing [embeddings-based retrieval systems, vector databases, hybrid search infrastructure, Python, evaluation frameworks for ranking systems]. Seniority alignment is rated at 100.0% based on relevant experience. Located in 'Hyderabad, Telangana' (not open to relocation); notice period is 120 days. Profile is verified with a behavioral engagement score of 0.50 (honeypot risk: 0.00, GitHub score: -1). Key classification tag(s): Strong Seniority Fit, High Engagement, Skill Gap Risk, Verified Profile."
CAND_0007978,75,0.207674,"Candidate CAND_0007978 is ranked #75 for the 'Senior AI Engineer — Founding Team' role with a composite score of 0.21. They show a skill overlap of 0.0%, matching requirements like [None] and missing [embeddings-based retrieval systems, vector databases, hybrid search infrastructure, Python, evaluation frameworks for ranking systems]. Seniority alignment is rated at 100.0% based on relevant experience. Located in 'Hyderabad, Telangana' (not open to relocation); notice period is 30 days. Profile is verified with a behavioral engagement score of 0.50 (honeypot risk: 0.00, GitHub score: 48.7). Key classification tag(s): Strong Seniority Fit, High Engagement, Skill Gap Risk, Verified Profile."
CAND_0083436,76,0.207492,"Candidate CAND_0083436 is ranked #76 for the 'Senior AI Engineer — Founding Team' role with a composite score of 0.21. They show a skill overlap of 0.0%, matching requirements like [None] and missing [embeddings-based retrieval systems, vector databases, hybrid search infrastructure, Python, evaluation frameworks for ranking systems]. Seniority alignment is rated at 100.0% based on relevant experience. Located in 'Gurgaon, Haryana' (not open to relocation); notice period is 60 days. Profile is verified with a behavioral engagement score of 0.50 (honeypot risk: 0.00, GitHub score: -1). Key classification tag(s): Strong Seniority Fit, High Engagement, Skill Gap Risk, Verified Profile."
CAND_0045258,77,0.201729,"Candidate CAND_0045258 is ranked #77 for the 'Senior AI Engineer — Founding Team' role with a composite score of 0.20. They show a skill overlap of 0.0%, matching requirements like [None] and missing [embeddings-based retrieval systems, vector databases, hybrid search infrastructure, Python, evaluation frameworks for ranking systems]. Seniority alignment is rated at 100.0% based on relevant experience. Located in 'Bhubaneswar, Odisha' (not open to relocation); notice period is 60 days. Profile is verified with a behavioral engagement score of 0.50 (honeypot risk: 0.00, GitHub score: 44.7). Key classification tag(s): Strong Seniority Fit, High Engagement, Skill Gap Risk, Verified Profile."
CAND_0042410,78,0.201051,"Candidate CAND_0042410 is ranked #78 for the 'Senior AI Engineer — Founding Team' role with a composite score of 0.20. They show a skill overlap of 0.0%, matching requirements like [None] and missing [embeddings-based retrieval systems, vector databases, hybrid search infrastructure, Python, evaluation frameworks for ranking systems]. Seniority alignment is rated at 100.0% based on relevant experience. Located in 'Trivandrum, Kerala' (not open to relocation); notice period is 90 days. Profile is verified with a behavioral engagement score of 0.50 (honeypot risk: 0.00, GitHub score: -1). Key classification tag(s): Strong Seniority Fit, High Engagement, Skill Gap Risk, Verified Profile."
CAND_0020855,79,0.198071,"Candidate CAND_0020855 is ranked #79 for the 'Senior AI Engineer — Founding Team' role with a composite score of 0.20. They show a skill overlap of 0.0%, matching requirements like [None] and missing [embeddings-based retrieval systems, vector databases, hybrid search infrastructure, Python, evaluation frameworks for ranking systems]. Seniority alignment is rated at 100.0% based on relevant experience. Located in 'Toronto' (not open to relocation); notice period is 30 days. Profile is verified with a behavioral engagement score of 0.50 (honeypot risk: 0.00, GitHub score: -1). Key classification tag(s): Strong Seniority Fit, High Engagement, Skill Gap Risk, Verified Profile."
CAND_0052637,80,0.197740,"Candidate CAND_0052637 is ranked #80 for the 'Senior AI Engineer — Founding Team' role with a composite score of 0.20. They show a skill overlap of 0.0%, matching requirements like [None] and missing [embeddings-based retrieval systems, vector databases, hybrid search infrastructure, Python, evaluation frameworks for ranking systems]. Seniority alignment is rated at 100.0% based on relevant experience. Located in 'Bhubaneswar, Odisha' (not open to relocation); notice period is 150 days. Profile is verified with a behavioral engagement score of 0.50 (honeypot risk: 0.00, GitHub score: -1). Key classification tag(s): Strong Seniority Fit, High Engagement, Skill Gap Risk, Verified Profile."
CAND_0028358,81,0.197713,"Candidate CAND_0028358 is ranked #81 for the 'Senior AI Engineer — Founding Team' role with a composite score of 0.20. They show a skill overlap of 0.0%, matching requirements like [None] and missing [embeddings-based retrieval systems, vector databases, hybrid search infrastructure, Python, evaluation frameworks for ranking systems]. Seniority alignment is rated at 100.0% based on relevant experience. Located in 'Pune, Maharashtra' (not open to relocation); notice period is 60 days. Profile is verified with a behavioral engagement score of 0.50 (honeypot risk: 0.00, GitHub score: -1). Key classification tag(s): Strong Seniority Fit, High Engagement, Skill Gap Risk, Verified Profile."
CAND_0054973,82,0.196215,"Candidate CAND_0054973 is ranked #82 for the 'Senior AI Engineer — Founding Team' role with a composite score of 0.20. They show a skill overlap of 0.0%, matching requirements like [None] and missing [embeddings-based retrieval systems, vector databases, hybrid search infrastructure, Python, evaluation frameworks for ranking systems]. Seniority alignment is rated at 100.0% based on relevant experience. Located in 'Trivandrum, Kerala' (not open to relocation); notice period is 90 days. Profile is verified with a behavioral engagement score of 0.50 (honeypot risk: 0.00, GitHub score: -1). Key classification tag(s): Strong Seniority Fit, High Engagement, Skill Gap Risk, Verified Profile."
CAND_0020145,83,0.194456,"Candidate CAND_0020145 is ranked #83 for the 'Senior AI Engineer — Founding Team' role with a composite score of 0.19. They show a skill overlap of 0.0%, matching requirements like [None] and missing [embeddings-based retrieval systems, vector databases, hybrid search infrastructure, Python, evaluation frameworks for ranking systems]. Seniority alignment is rated at 100.0% based on relevant experience. Located in 'Noida, Uttar Pradesh' (not open to relocation); notice period is 60 days. Profile is verified with a behavioral engagement score of 0.50 (honeypot risk: 0.00, GitHub score: 31.8). Key classification tag(s): Strong Seniority Fit, High Engagement, Skill Gap Risk, Verified Profile."
CAND_0037623,84,0.191611,"Candidate CAND_0037623 is ranked #84 for the 'Senior AI Engineer — Founding Team' role with a composite score of 0.19. They show a skill overlap of 0.0%, matching requirements like [None] and missing [embeddings-based retrieval systems, vector databases, hybrid search infrastructure, Python, evaluation frameworks for ranking systems]. Seniority alignment is rated at 100.0% based on relevant experience. Located in 'Chennai, Tamil Nadu' (not open to relocation); notice period is 60 days. Profile is verified with a behavioral engagement score of 0.50 (honeypot risk: 0.00, GitHub score: -1). Key classification tag(s): Strong Seniority Fit, High Engagement, Skill Gap Risk, Verified Profile."
CAND_0081366,85,0.190741,"Candidate CAND_0081366 is ranked #85 for the 'Senior AI Engineer — Founding Team' role with a composite score of 0.19. They show a skill overlap of 0.0%, matching requirements like [None] and missing [embeddings-based retrieval systems, vector databases, hybrid search infrastructure, Python, evaluation frameworks for ranking systems]. Seniority alignment is rated at 100.0% based on relevant experience. Located in 'Pune, Maharashtra' (not open to relocation); notice period is 90 days. Profile is verified with a behavioral engagement score of 0.50 (honeypot risk: 0.00, GitHub score: 5.1). Key classification tag(s): Strong Seniority Fit, High Engagement, Skill Gap Risk, Verified Profile."
CAND_0050381,86,0.190571,"Candidate CAND_0050381 is ranked #86 for the 'Senior AI Engineer — Founding Team' role with a composite score of 0.19. They show a skill overlap of 0.0%, matching requirements like [None] and missing [embeddings-based retrieval systems, vector databases, hybrid search infrastructure, Python, evaluation frameworks for ranking systems]. Seniority alignment is rated at 100.0% based on relevant experience. Located in 'Ahmedabad, Gujarat' (not open to relocation); notice period is 90 days. Profile is verified with a behavioral engagement score of 0.50 (honeypot risk: 0.00, GitHub score: -1). Key classification tag(s): Strong Seniority Fit, High Engagement, Skill Gap Risk, Verified Profile."
CAND_0083013,87,0.188820,"Candidate CAND_0083013 is ranked #87 for the 'Senior AI Engineer — Founding Team' role with a composite score of 0.19. They show a skill overlap of 0.0%, matching requirements like [None] and missing [embeddings-based retrieval systems, vector databases, hybrid search infrastructure, Python, evaluation frameworks for ranking systems]. Seniority alignment is rated at 100.0% based on relevant experience. Located in 'London' (willing to relocate); notice period is 60 days. Profile is verified with a behavioral engagement score of 0.50 (honeypot risk: 0.00, GitHub score: 42.1). Key classification tag(s): Strong Seniority Fit, High Engagement, Skill Gap Risk, Verified Profile."
CAND_0081352,88,0.188342,"Candidate CAND_0081352 is ranked #88 for the 'Senior AI Engineer — Founding Team' role with a composite score of 0.19. They show a skill overlap of 0.0%, matching requirements like [None] and missing [embeddings-based retrieval systems, vector databases, hybrid search infrastructure, Python, evaluation frameworks for ranking systems]. Seniority alignment is rated at 100.0% based on relevant experience. Located in 'Trivandrum, Kerala' (willing to relocate); notice period is 90 days. Profile is verified with a behavioral engagement score of 0.50 (honeypot risk: 0.00, GitHub score: -1). Key classification tag(s): Strong Seniority Fit, High Engagement, Skill Gap Risk, Verified Profile."
CAND_0099839,89,0.186544,"Candidate CAND_0099839 is ranked #89 for the 'Senior AI Engineer — Founding Team' role with a composite score of 0.19. They show a skill overlap of 0.0%, matching requirements like [None] and missing [embeddings-based retrieval systems, vector databases, hybrid search infrastructure, Python, evaluation frameworks for ranking systems]. Seniority alignment is rated at 100.0% based on relevant experience. Located in 'Sydney' (not open to relocation); notice period is 150 days. Profile is verified with a behavioral engagement score of 0.50 (honeypot risk: 0.00, GitHub score: -1). Key classification tag(s): Strong Seniority Fit, High Engagement, Skill Gap Risk, Verified Profile."
CAND_0092091,90,0.181896,"Candidate CAND_0092091 is ranked #90 for the 'Senior AI Engineer — Founding Team' role with a composite score of 0.18. They show a skill overlap of 0.0%, matching requirements like [None] and missing [embeddings-based retrieval systems, vector databases, hybrid search infrastructure, Python, evaluation frameworks for ranking systems]. Seniority alignment is rated at 100.0% based on relevant experience. Located in 'Sydney' (not open to relocation); notice period is 60 days. Profile is verified with a behavioral engagement score of 0.50 (honeypot risk: 0.00, GitHub score: -1). Key classification tag(s): Strong Seniority Fit, High Engagement, Skill Gap Risk, Verified Profile."
CAND_0057322,91,0.179443,"Candidate CAND_0057322 is ranked #91 for the 'Senior AI Engineer — Founding Team' role with a composite score of 0.18. They show a skill overlap of 0.0%, matching requirements like [None] and missing [embeddings-based retrieval systems, vector databases, hybrid search infrastructure, Python, evaluation frameworks for ranking systems]. Seniority alignment is rated at 100.0% based on relevant experience. Located in 'Vizag, Andhra Pradesh' (willing to relocate); notice period is 90 days. Profile is verified with a behavioral engagement score of 0.50 (honeypot risk: 0.00, GitHub score: -1). Key classification tag(s): Strong Seniority Fit, High Engagement, Skill Gap Risk, Verified Profile."
CAND_0082505,92,0.178896,"Candidate CAND_0082505 is ranked #92 for the 'Senior AI Engineer — Founding Team' role with a composite score of 0.18. They show a skill overlap of 0.0%, matching requirements like [None] and missing [embeddings-based retrieval systems, vector databases, hybrid search infrastructure, Python, evaluation frameworks for ranking systems]. Seniority alignment is rated at 100.0% based on relevant experience. Located in 'Bhubaneswar, Odisha' (not open to relocation); notice period is 30 days. Profile is verified with a behavioral engagement score of 0.50 (honeypot risk: 0.00, GitHub score: -1). Key classification tag(s): Strong Seniority Fit, High Engagement, Skill Gap Risk, Verified Profile."
CAND_0009706,93,0.175036,"Candidate CAND_0009706 is ranked #93 for the 'Senior AI Engineer — Founding Team' role with a composite score of 0.18. They show a skill overlap of 0.0%, matching requirements like [None] and missing [embeddings-based retrieval systems, vector databases, hybrid search infrastructure, Python, evaluation frameworks for ranking systems]. Seniority alignment is rated at 100.0% based on relevant experience. Located in 'Gurgaon, Haryana' (not open to relocation); notice period is 150 days. Profile is verified with a behavioral engagement score of 0.50 (honeypot risk: 0.00, GitHub score: -1). Key classification tag(s): Strong Seniority Fit, High Engagement, Skill Gap Risk, Verified Profile."
CAND_0002950,94,0.171135,"Candidate CAND_0002950 is ranked #94 for the 'Senior AI Engineer — Founding Team' role with a composite score of 0.17. They show a skill overlap of 0.0%, matching requirements like [None] and missing [embeddings-based retrieval systems, vector databases, hybrid search infrastructure, Python, evaluation frameworks for ranking systems]. Seniority alignment is rated at 100.0% based on relevant experience. Located in 'Jaipur, Rajasthan' (not open to relocation); notice period is 60 days. Profile is verified with a behavioral engagement score of 0.50 (honeypot risk: 0.00, GitHub score: -1). Key classification tag(s): Strong Seniority Fit, High Engagement, Skill Gap Risk, Verified Profile."
CAND_0051381,95,0.169265,"Candidate CAND_0051381 is ranked #95 for the 'Senior AI Engineer — Founding Team' role with a composite score of 0.17. They show a skill overlap of 0.0%, matching requirements like [None] and missing [embeddings-based retrieval systems, vector databases, hybrid search infrastructure, Python, evaluation frameworks for ranking systems]. Seniority alignment is rated at 100.0% based on relevant experience. Located in 'Pune, Maharashtra' (not open to relocation); notice period is 90 days. Profile is verified with a behavioral engagement score of 0.50 (honeypot risk: 0.00, GitHub score: -1). Key classification tag(s): Strong Seniority Fit, High Engagement, Skill Gap Risk, Verified Profile."
CAND_0089858,96,0.168313,"Candidate CAND_0089858 is ranked #96 for the 'Senior AI Engineer — Founding Team' role with a composite score of 0.17. They show a skill overlap of 0.0%, matching requirements like [None] and missing [embeddings-based retrieval systems, vector databases, hybrid search infrastructure, Python, evaluation frameworks for ranking systems]. Seniority alignment is rated at 100.0% based on relevant experience. Located in 'Delhi, Delhi' (not open to relocation); notice period is 150 days. Profile is verified with a behavioral engagement score of 0.50 (honeypot risk: 0.00, GitHub score: -1). Key classification tag(s): Strong Seniority Fit, High Engagement, Skill Gap Risk, Verified Profile."
CAND_0019336,97,0.165003,"Candidate CAND_0019336 is ranked #97 for the 'Senior AI Engineer — Founding Team' role with a composite score of 0.17. They show a skill overlap of 0.0%, matching requirements like [None] and missing [embeddings-based retrieval systems, vector databases, hybrid search infrastructure, Python, evaluation frameworks for ranking systems]. Seniority alignment is rated at 100.0% based on relevant experience. Located in 'Vizag, Andhra Pradesh' (not open to relocation); notice period is 30 days. Profile is verified with a behavioral engagement score of 0.50 (honeypot risk: 0.00, GitHub score: -1). Key classification tag(s): Strong Seniority Fit, High Engagement, Skill Gap Risk, Verified Profile."
CAND_0094014,98,0.160070,"Candidate CAND_0094014 is ranked #98 for the 'Senior AI Engineer — Founding Team' role with a composite score of 0.16. They show a skill overlap of 0.0%, matching requirements like [None] and missing [embeddings-based retrieval systems, vector databases, hybrid search infrastructure, Python, evaluation frameworks for ranking systems]. Seniority alignment is rated at 100.0% based on relevant experience. Located in 'Delhi, Delhi' (willing to relocate); notice period is 60 days. Profile is verified with a behavioral engagement score of 0.50 (honeypot risk: 0.00, GitHub score: -1). Key classification tag(s): Strong Seniority Fit, High Engagement, Skill Gap Risk, Verified Profile."
CAND_0079232,99,0.157906,"Candidate CAND_0079232 is ranked #99 for the 'Senior AI Engineer — Founding Team' role with a composite score of 0.16. They show a skill overlap of 0.0%, matching requirements like [None] and missing [embeddings-based retrieval systems, vector databases, hybrid search infrastructure, Python, evaluation frameworks for ranking systems]. Seniority alignment is rated at 100.0% based on relevant experience. Located in 'Chennai, Tamil Nadu' (willing to relocate); notice period is 60 days. Profile is verified with a behavioral engagement score of 0.50 (honeypot risk: 0.00, GitHub score: -1). Key classification tag(s): Strong Seniority Fit, High Engagement, Skill Gap Risk, Verified Profile."
CAND_0015235,100,0.138694,"Candidate CAND_0015235 is ranked #100 for the 'Senior AI Engineer — Founding Team' role with a composite score of 0.14. They show a skill overlap of 0.0%, matching requirements like [None] and missing [embeddings-based retrieval systems, vector databases, hybrid search infrastructure, Python, evaluation frameworks for ranking systems]. Seniority alignment is rated at 100.0% based on relevant experience. Located in 'Singapore' (not open to relocation); notice period is 30 days. Profile is verified with a behavioral engagement score of 0.50 (honeypot risk: 0.00, GitHub score: -1). Key classification tag(s): Strong Seniority Fit, High Engagement, Skill Gap Risk, Verified Profile."
